{
  "metadata": {
    "description": "CAI相对适应性权重表 (wi)",
    "reference_species": "ecoli_bl21de3",
    "data_source": "基于参考序列计算的RSCU值",
    "total_codons": 64,
    "codon_order": "AAA, AAC, AAG, AAT, ACA, ACC, ...",
    "stop_codons_weight": 0.0,
    "default_weight": 0.1
  },
  "wi_table": {
    "AAA": 1.0,
    "AAC": 1.0,
    "AAG": 0.27651515151515155,
    "AAT": 0.22295081967213115,
    "ACA": 0.10139860139860139,
    "ACC": 1.0,
    "ACG": 0.3111888111888112,
    "ACT": 0.6013986013986014,
    "AGA": 0.03293413173652695,
    "AGC": 0.6845238095238095,
    "AGG": 0.017964071856287425,
    "AGT": 0.1904761904761905,
    "ATA": 0.024719101123595506,
    "ATC": 1.0,
    "ATG": 1.0,
    "ATT": 0.4044943820224719,
    "CAA": 0.23225806451612904,
    "CAC": 1.0,
    "CAG": 1.0,
    "CAT": 0.4489795918367347,
    "CCA": 0.18439716312056736,
    "CCC": 0.05673758865248227,
    "CCG": 1.0,
    "CCT": 0.18439716312056736,
    "CGA": 0.02694610778443114,
    "CGC": 0.5718562874251497,
    "CGG": 0.0658682634730539,
    "CGT": 1.0,
    "CTA": 0.016583747927031506,
    "CTC": 0.1144278606965174,
    "CTG": 1.0,
    "CTT": 0.0945273631840796,
    "GAA": 1.0,
    "GAC": 1.0,
    "GAG": 0.3124042879019908,
    "GAT": 0.6815789473684211,
    "GCA": 0.7741935483870968,
    "GCC": 0.4574780058651026,
    "GCG": 1.0,
    "GCT": 0.8885630498533725,
    "GGA": 0.08229426433915212,
    "GGC": 0.8977556109725685,
    "GGG": 0.1371571072319202,
    "GGT": 1.0,
    "GTA": 0.47545219638242897,
    "GTC": 0.21963824289405684,
    "GTG": 0.5710594315245477,
    "GTT": 1.0,
    "TAA": 0.0,
    "TAC": 1.0,
    "TAG": 0.0,
    "TAT": 0.6666666666666667,
    "TCA": 0.16666666666666666,
    "TCC": 0.8273809523809523,
    "TCG": 0.27976190476190477,
    "TCT": 1.0,
    "TGA": 0.0,
    "TGC": 1.0,
    "TGG": 1.0,
    "TGT": 0.4576271186440678,
    "TTA": 0.053067993366500824,
    "TTC": 1.0,
    "TTG": 0.08955223880597014,
    "TTT": 0.4184100418410042
  },
  "wi_values_array": [
    1.0,
    1.0,
    0.27651515151515155,
    0.22295081967213115,
    0.10139860139860139,
    1.0,
    0.3111888111888112,
    0.6013986013986014,
    0.03293413173652695,
    0.6845238095238095,
    0.017964071856287425,
    0.1904761904761905,
    0.024719101123595506,
    1.0,
    1.0,
    0.4044943820224719,
    0.23225806451612904,
    1.0,
    1.0,
    0.4489795918367347,
    0.18439716312056736,
    0.05673758865248227,
    1.0,
    0.18439716312056736,
    0.02694610778443114,
    0.5718562874251497,
    0.0658682634730539,
    1.0,
    0.016583747927031506,
    0.1144278606965174,
    1.0,
    0.0945273631840796,
    1.0,
    1.0,
    0.3124042879019908,
    0.6815789473684211,
    0.7741935483870968,
    0.4574780058651026,
    1.0,
    0.8885630498533725,
    0.08229426433915212,
    0.8977556109725685,
    0.1371571072319202,
    1.0,
    0.47545219638242897,
    0.21963824289405684,
    0.5710594315245477,
    1.0,
    0.0,
    1.0,
    0.0,
    0.6666666666666667,
    0.16666666666666666,
    0.8273809523809523,
    0.27976190476190477,
    1.0,
    0.0,
    1.0,
    1.0,
    0.4576271186440678,
    0.053067993366500824,
    1.0,
    0.08955223880597014,
    0.4184100418410042
  ],
  "codon_order": [
    "AAA",
    "AAC",
    "AAG",
    "AAT",
    "ACA",
    "ACC",
    "ACG",
    "ACT",
    "AGA",
    "AGC",
    "AGG",
    "AGT",
    "ATA",
    "ATC",
    "ATG",
    "ATT",
    "CAA",
    "CAC",
    "CAG",
    "CAT",
    "CCA",
    "CCC",
    "CCG",
    "CCT",
    "CGA",
    "CGC",
    "CGG",
    "CGT",
    "CTA",
    "CTC",
    "CTG",
    "CTT",
    "GAA",
    "GAC",
    "GAG",
    "GAT",
    "GCA",
    "GCC",
    "GCG",
    "GCT",
    "GGA",
    "GGC",
    "GGG",
    "GGT",
    "GTA",
    "GTC",
    "GTG",
    "GTT",
    "TAA",
    "TAC",
    "TAG",
    "TAT",
    "TCA",
    "TCC",
    "TCG",
    "TCT",
    "TGA",
    "TGC",
    "TGG",
    "TGT",
    "TTA",
    "TTC",
    "TTG",
    "TTT"
  ],
  "rscu_values": {
    "TTT": 0.5899705014749262,
    "TTC": 1.4100294985250736,
    "TTA": 0.23272727272727273,
    "TTG": 0.3927272727272727,
    "CTT": 0.41454545454545455,
    "CTC": 0.5018181818181818,
    "CTA": 0.07272727272727272,
    "CTG": 4.385454545454546,
    "ATT": 0.8490566037735849,
    "ATC": 2.099056603773585,
    "ATA": 0.05188679245283019,
    "ATG": 1.0,
    "GTT": 1.7651083238312428,
    "GTC": 0.38768529076396807,
    "GTA": 0.8392246294184721,
    "GTG": 1.007981755986317,
    "TCT": 1.9054820415879017,
    "TCC": 1.5765595463137996,
    "TCA": 0.31758034026465026,
    "TCG": 0.5330812854442344,
    "AGT": 0.3629489603024575,
    "AGC": 1.3043478260869565,
    "CCT": 0.5174129353233831,
    "CCC": 0.15920398009950248,
    "CCA": 0.5174129353233831,
    "CCG": 2.8059701492537314,
    "ACT": 1.1944444444444444,
    "ACC": 1.9861111111111112,
    "ACA": 0.2013888888888889,
    "ACG": 0.6180555555555556,
    "GCT": 1.1390977443609023,
    "GCC": 0.5864661654135338,
    "GCA": 0.9924812030075187,
    "GCG": 1.281954887218045,
    "TAT": 0.8,
    "TAC": 1.2,
    "CAT": 0.6197183098591549,
    "CAC": 1.380281690140845,
    "CAA": 0.3769633507853403,
    "CAG": 1.6230366492146597,
    "AAT": 0.3646112600536193,
    "AAC": 1.6353887399463807,
    "AAA": 1.5667655786350148,
    "AAG": 0.4332344213649852,
    "GAT": 0.810641627543036,
    "GAC": 1.189358372456964,
    "GAA": 1.5239206534422405,
    "GAG": 0.47607934655775963,
    "TGT": 0.627906976744186,
    "TGC": 1.372093023255814,
    "TGG": 1.0,
    "CGT": 3.4973821989528795,
    "CGC": 2.0,
    "CGA": 0.09424083769633508,
    "CGG": 0.23036649214659685,
    "AGA": 0.11518324607329843,
    "AGG": 0.06282722513089005,
    "GGT": 1.889281507656066,
    "GGC": 1.696113074204947,
    "GGA": 0.15547703180212014,
    "GGG": 0.2591283863368669
  },
  "statistics": {
    "min_weight": 0.0,
    "max_weight": 1.0,
    "mean_weight": 0.5206601742109893,
    "non_zero_weights": 61
  }
}